{
    "description": "lda, word freq <4.0, subject 11, task 0-3, ses 0, tmin -0.1, tmax 0.3, decim 10, lowpass 1, high pass 8, test & train data balanced, no clip, no baseline correction, onset offset -0.03",
    "recall": 0.4270833333333333,
    "precision": 0.4581005586592179,
    "accuracy": 0.4609375,
    "f1_score": 0.4420485175202156,
    "tp": 82,
    "fp": 97,
    "tn": 95,
    "fn": 110
}