{
    "description": "lda, word frequency < 5.6, subject 11, task 0-3, tmin -0.1, tmax 0.4, decim 5, lowpass 0.5, high pass 180, test data balanced no clip, no baseline correction",
    "recall": 0.4944920440636475,
    "precision": 0.5422818791946309,
    "accuracy": 0.5385556915544676,
    "f1_score": 0.5172855313700383,
    "tp": 404,
    "fp": 341,
    "tn": 476,
    "fn": 413
}