{
    "description": "lda, word frequency < 5.6, subject 11, task 0-3, tmin -0.1, tmax 0.3, decim 5, lowpass 0.5, high pass 180, test data balanced no clip, no baseline correction",
    "recall": 0.5250917992656059,
    "precision": 0.532258064516129,
    "accuracy": 0.5318237454100367,
    "f1_score": 0.5286506469500925,
    "tp": 429,
    "fp": 377,
    "tn": 440,
    "fn": 388
}