{
    "description": "lda, word frequency < 5.6, subject 18, task 0-3, tmin -0.1, tmax 0.4, decim 10, lowpass 1, high pass 8, test data balanced no clip, no baseline correction, onset -0.03",
    "recall": 0.5152998776009792,
    "precision": 0.529559748427673,
    "accuracy": 0.5287637698898409,
    "f1_score": 0.5223325062034738,
    "tp": 421,
    "fp": 374,
    "tn": 443,
    "fn": 396
}