{
    "description": "lda, word frequency < 5.6, subject 11, task 0-3, tmin -0.1, tmax 0.4, decim 10, lowpass 1, high pass 8, test data balanced no clip, no baseline correction, onset -0.03",
    "recall": 0.5177478580171359,
    "precision": 0.5248138957816377,
    "accuracy": 0.5244798041615667,
    "f1_score": 0.521256931608133,
    "tp": 423,
    "fp": 383,
    "tn": 434,
    "fn": 394
}