{
    "description": "lda, voiced_phoneme, subject 10, all tasks, tmin -0.1, tmax 0.3, decim 10, lowpass 0.5, high pass 180",
    "recall": 0.6518550474547024,
    "precision": 0.768174885612608,
    "accuracy": 0.5831683168316831,
    "f1_score": 0.7052508751458576,
    "tp": 1511,
    "fp": 456,
    "tn": 256,
    "fn": 807
}