{
    "description": "lda, voiced_phoneme, subject 6, task 0,1, tmin -0.1, tmax 0.3, decim 10, lowpass 0.5, high pass 180",
    "recall": 0.6449525452976704,
    "precision": 0.7608142493638677,
    "accuracy": 0.5732673267326732,
    "f1_score": 0.6981088022414196,
    "tp": 1495,
    "fp": 470,
    "tn": 242,
    "fn": 823
}