{
    "description": "lda, voiced_phoneme, subject 2, all tasks, tmin -0.1, tmax 0.3, decim 10, lowpass 0.5, high pass 180",
    "recall": 0.6527178602243313,
    "precision": 0.7622166246851385,
    "accuracy": 0.5785478547854785,
    "f1_score": 0.7032303044387637,
    "tp": 1513,
    "fp": 472,
    "tn": 240,
    "fn": 805
}