{
    "description": "lda, voiced_phoneme, subject 13, all tasks, tmin -0.1, tmax 0.3, decim 10, lowpass 0.5, high pass 180",
    "recall": 0.6466781708369284,
    "precision": 0.7651863195507912,
    "accuracy": 0.5778877887788779,
    "f1_score": 0.7009586158522328,
    "tp": 1499,
    "fp": 460,
    "tn": 252,
    "fn": 819
}