{
    "description": "lda, voiced_phoneme, subject 6, task 0,1,2, tmin -0.1, tmax 0.3, decim 10, lowpass 0.5, high pass 180, train and test data balanced, no clip, no baseline correction",
    "recall": 0.509277031349968,
    "precision": 0.5122265122265123,
    "accuracy": 0.5121561100447857,
    "f1_score": 0.5107475136349053,
    "tp": 796,
    "fp": 758,
    "tn": 805,
    "fn": 767
}