{
    "description": "lda, voiced_phoneme, subject 1, task 0,1, tmin -0.1, tmax 0.3, decim 10, lowpass 1, high pass 8, time offset -0.05s, no clip, no baseline correction",
    "recall": 0.8028472821397756,
    "precision": 0.7677392739273927,
    "accuracy": 0.6633663366336634,
    "f1_score": 0.7849008857022354,
    "tp": 1861,
    "fp": 563,
    "tn": 149,
    "fn": 457
}