{
    "description": "lda, voiced_phoneme, subject 10, task 0,1,2, tmin -0.1, tmax 0.3, decim 10, lowpass 0.5, high pass 180, train and test data balanced, no clip, no baseline correction",
    "recall": 0.5201535508637236,
    "precision": 0.5119647355163728,
    "accuracy": 0.5121561100447857,
    "f1_score": 0.5160266582037448,
    "tp": 813,
    "fp": 775,
    "tn": 788,
    "fn": 750
}