{
    "description": "lda, voiced_phoneme, subject 13, task 0,1,2, tmin -0.1, tmax 0.3, decim 10, lowpass 0.5, high pass 180, test data balanced, no clip, no baseline correction",
    "recall": 0.7832576249188838,
    "precision": 0.5158119658119659,
    "accuracy": 0.5240103828682674,
    "f1_score": 0.6220046379799021,
    "tp": 1207,
    "fp": 1133,
    "tn": 408,
    "fn": 334
}