{
    "description": "lda, voiced_phoneme, subject 13, task 0,1,2, tmin -0.1, tmax 0.3, decim 10,lowpass 1, high pass 8, test data balanced, no clip, no baseline correction",
    "recall": 0.8942245295262816,
    "precision": 0.520392749244713,
    "accuracy": 0.5350421804023362,
    "f1_score": 0.6579135831940798,
    "tp": 1378,
    "fp": 1270,
    "tn": 271,
    "fn": 163
}