{
    "description": "lda, voiced_phoneme, subject 19, task 0,1,2, tmin -0.1, tmax 0.3, decim 10, lowpass 0.5, high pass 180, test data balanced, no clip, no baseline correction",
    "recall": 0.7832576249188838,
    "precision": 0.5077829196466134,
    "accuracy": 0.5120051914341337,
    "f1_score": 0.6161306789178151,
    "tp": 1207,
    "fp": 1170,
    "tn": 371,
    "fn": 334
}