{
    "description": "lda, voiced_phoneme, subject 7, task 0,1, tmin -0.1, tmax 0.3, decim 10, lowpass 0.5, high pass 180",
    "recall": 0.6410698878343399,
    "precision": 0.7679586563307493,
    "accuracy": 0.5772277227722772,
    "f1_score": 0.6988008464613215,
    "tp": 1486,
    "fp": 449,
    "tn": 263,
    "fn": 832
}