{
    "description": "lda, voiced_phoneme, subject 8, task 0,1,2, tmin -0.1, tmax 0.3, decim 10, lowpass 0.5, high pass 180, test data balanced, no clip, no baseline correction",
    "recall": 0.7871512005191434,
    "precision": 0.5075313807531381,
    "accuracy": 0.5116807268007787,
    "f1_score": 0.6171457644365301,
    "tp": 1213,
    "fp": 1177,
    "tn": 364,
    "fn": 328
}