{
    "description": "lda, voiced_phoneme, subject 14, all tasks, tmin -0.1, tmax 0.3, decim 10, lowpass 0.5, high pass 180",
    "recall": 0.6604831751509922,
    "precision": 0.7655,
    "accuracy": 0.5854785478547855,
    "f1_score": 0.7091245947197777,
    "tp": 1531,
    "fp": 469,
    "tn": 243,
    "fn": 787
}