{
    "description": "lda, voiced_phoneme, subject 23, task 0,1,2, tmin -0.1, tmax 0.3, decim 10, lowpass 0.5, high pass 180, test data balanced, no clip, no baseline correction",
    "recall": 0.7774172615184944,
    "precision": 0.5039966344131258,
    "accuracy": 0.5061648280337443,
    "f1_score": 0.6115364982133742,
    "tp": 1198,
    "fp": 1179,
    "tn": 362,
    "fn": 343
}