{
    "description": "lda, voiced_phoneme, subject 23, task 0,1,2, tmin -0.1, tmax 0.3, decim 10, lowpass 0.5, high pass 180, train and test data balanced, no clip, no baseline correction",
    "recall": 0.5060780550223928,
    "precision": 0.5067264573991032,
    "accuracy": 0.5067178502879078,
    "f1_score": 0.5064020486555697,
    "tp": 791,
    "fp": 770,
    "tn": 793,
    "fn": 772
}