{
    "description": "lda, voiced_phoneme, subject 25, all tasks, tmin -0.1, tmax 0.3, decim 10, lowpass 0.5, high pass 180",
    "recall": 0.6501294219154443,
    "precision": 0.7704498977505112,
    "accuracy": 0.5841584158415841,
    "f1_score": 0.7051941974730931,
    "tp": 1507,
    "fp": 449,
    "tn": 263,
    "fn": 811
}