{
    "description": "lda, voiced_phoneme, subject 26, all tasks, tmin -0.1, tmax 0.3, decim 10, lowpass 0.5, high pass 180",
    "recall": 0.676876617773943,
    "precision": 0.7755808205635195,
    "accuracy": 0.602970297029703,
    "f1_score": 0.7228749136143745,
    "tp": 1569,
    "fp": 454,
    "tn": 258,
    "fn": 749
}