{
    "description": "lda, voiced_phoneme, subject 17, task 0,1,2, tmin -0.1, tmax 0.3, decim 10,lowpass 1, high pass 8, test data balanced, no clip, no baseline correction",
    "recall": 0.8935756002595717,
    "precision": 0.5073691967575534,
    "accuracy": 0.5129785853341986,
    "f1_score": 0.6472385428907168,
    "tp": 1377,
    "fp": 1337,
    "tn": 204,
    "fn": 164
}