{
    "description": "lda, voiced_phoneme, subject 10, task 0,1,2, tmin -0.1, tmax 0.3, decim 10,lowpass 1, high pass 8, test data balanced, no clip, no baseline correction",
    "recall": 0.8767034393251135,
    "precision": 0.5065616797900262,
    "accuracy": 0.5113562621674238,
    "f1_score": 0.6421102661596958,
    "tp": 1351,
    "fp": 1316,
    "tn": 225,
    "fn": 190
}