{
    "description": "lda, voiced_phoneme, subject 2, task 0,1,2, tmin -0.1, tmax 0.3, decim 10,lowpass 1, high pass 8, test data balanced, no clip, no baseline correction",
    "recall": 0.8656716417910447,
    "precision": 0.5099388379204893,
    "accuracy": 0.5168721609344581,
    "f1_score": 0.6418089968727447,
    "tp": 1334,
    "fp": 1282,
    "tn": 259,
    "fn": 207
}