{
    "description": "lda, voiced_phoneme, subject 24, task 0,1,2, tmin -0.1, tmax 0.3, decim 10,lowpass 1, high pass 8, test data balanced, no clip, no baseline correction",
    "recall": 0.9072031148604802,
    "precision": 0.5197026022304833,
    "accuracy": 0.5343932511356262,
    "f1_score": 0.6608366816355471,
    "tp": 1398,
    "fp": 1292,
    "tn": 249,
    "fn": 143
}