{
    "description": "lda, voiced_phoneme, subject 24, task 0,1, tmin -0.1, tmax 0.3, decim 10, lowpass 0.5, high pass 180",
    "recall": 0.6488352027610008,
    "precision": 0.7650050864699899,
    "accuracy": 0.5788778877887789,
    "f1_score": 0.7021475256769374,
    "tp": 1504,
    "fp": 462,
    "tn": 250,
    "fn": 814
}