{
    "description": "lda, voiced_phoneme, subject 22, all tasks, tmin -0.1, tmax 0.3, decim 10, lowpass 0.5, high pass 180",
    "recall": 0.6665228645383952,
    "precision": 0.7725,
    "accuracy": 0.5947194719471948,
    "f1_score": 0.7156090782769801,
    "tp": 1545,
    "fp": 455,
    "tn": 257,
    "fn": 773
}