{
    "description": "lda, voiced_phoneme, subject 9, task 0,1,2, tmin -0.1, tmax 0.3, decim 10,lowpass 1, high pass 8, test data balanced, no clip, no baseline correction",
    "recall": 0.8792991563919533,
    "precision": 0.5022238695329874,
    "accuracy": 0.5038935756002596,
    "f1_score": 0.6393017221042698,
    "tp": 1355,
    "fp": 1343,
    "tn": 198,
    "fn": 186
}