{
    "description": "lda, voiced_phoneme, subject 11, all tasks, tmin -0.1, tmax 0.3, decim 10, lowpass 0.5, high pass 180",
    "recall": 0.6647972389991372,
    "precision": 0.7862244897959184,
    "accuracy": 0.6052805280528053,
    "f1_score": 0.7204301075268816,
    "tp": 1541,
    "fp": 419,
    "tn": 293,
    "fn": 777
}