{
    "description": "lda, voiced_phoneme, subject 23, task 0,1, tmin -0.1, tmax 0.3, decim 10, lowpass 0.5, high pass 180",
    "recall": 0.6527178602243313,
    "precision": 0.7703665987780041,
    "accuracy": 0.5854785478547855,
    "f1_score": 0.7066791219056514,
    "tp": 1513,
    "fp": 451,
    "tn": 261,
    "fn": 805
}