{
    "description": "lda,word freq thres: 5.8, subject 1, ses 0, task 0, tmin -0.1, tmax 0.3, decim 10, lowpass 1, high pass 8, time offset -0.05s, no clip, no baseline correction",
    "recall": 0.5263157894736842,
    "precision": 0.6153846153846154,
    "accuracy": 0.5447761194029851,
    "f1_score": 0.5673758865248227,
    "tp": 40,
    "fp": 25,
    "tn": 33,
    "fn": 36
}