{
    "description": "lda, voiced_phoneme, subject 1, task 0,1,2, tmin -0.1, tmax 0.3, decim 10,lowpass 1, high pass 8, test data balanced, no clip, no baseline correction",
    "recall": 0.8916288124594419,
    "precision": 0.5182949830252734,
    "accuracy": 0.5314730694354315,
    "f1_score": 0.6555343511450381,
    "tp": 1374,
    "fp": 1277,
    "tn": 264,
    "fn": 167
}