{
    "description": "lda, voiced_phoneme, subject 27, task 0,1,2, tmin -0.1, tmax 0.3, decim 10, lowpass 0.5, high pass 180, train and test data balanced, no clip, no baseline correction",
    "recall": 0.508637236084453,
    "precision": 0.4978083907326237,
    "accuracy": 0.49776071657069737,
    "f1_score": 0.5031645569620253,
    "tp": 795,
    "fp": 802,
    "tn": 761,
    "fn": 768
}