{
    "description": "LDA",
    "recall": 0.484375,
    "precision": 0.4881889763779528,
    "accuracy": 0.5111940298507462,
    "f1_score": 0.4862745098039216,
    "tp": 62,
    "fp": 65,
    "tn": 75,
    "fn": 66
}