{
    "description": "lda, word onset, subject 26, task 0-3, ses 0, tmin -0.1, tmax 0.3, decim 10, lowpass 1, high pass 8, test data balanced, no clip, no baseline correction, onset offset -0.03",
    "recall": 0.5761670761670762,
    "precision": 0.5501466275659824,
    "accuracy": 0.5525184275184275,
    "f1_score": 0.5628562856285628,
    "tp": 938,
    "fp": 767,
    "tn": 861,
    "fn": 690
}