{
    "description": "lda, word onset, subject 18, task 0-3, ses 0, tmin -0.1, tmax 0.3, decim 10, lowpass 1, high pass 8, test data balanced, no clip, no baseline correction, onset offset -0.03",
    "recall": 0.5577395577395577,
    "precision": 0.5245522819179665,
    "accuracy": 0.5261056511056511,
    "f1_score": 0.5406370943733254,
    "tp": 908,
    "fp": 823,
    "tn": 805,
    "fn": 720
}