{
    "description": "lda, word onset, subject 1, task 0-3, ses 0, tmin -0.1, tmax 0.3, decim 10, lowpass 1, high pass 8, test & train data balanced, no clip, no baseline correction, onset offset -0.03",
    "recall": 0.5520050125313283,
    "precision": 0.5492518703241895,
    "accuracy": 0.5494987468671679,
    "f1_score": 0.5506249999999999,
    "tp": 881,
    "fp": 723,
    "tn": 873,
    "fn": 715
}