{
    "description": "lda, word onset, subject 26, task 0-3, ses 0, tmin -0.1, tmax 0.3, decim 10, lowpass 1, high pass 8, test & train data balanced, no clip, no baseline correction, onset offset -0.03",
    "recall": 0.5426065162907269,
    "precision": 0.5519439133205863,
    "accuracy": 0.5510651629072681,
    "f1_score": 0.5472353870458136,
    "tp": 866,
    "fp": 703,
    "tn": 893,
    "fn": 730
}