{
    "description": "lda, voiced_phoneme, subject 1, task 0-3, ses 0, tmin -0.1, tmax 0.3, decim 10, lowpass 1, high pass 8, test data balanced, no clip, no baseline correction, onset offset -0.03",
    "recall": 0.8857142857142857,
    "precision": 0.51415857605178,
    "accuracy": 0.524390243902439,
    "f1_score": 0.6506270796007166,
    "tp": 1271,
    "fp": 1201,
    "tn": 234,
    "fn": 164
}