{
    "description": "lda, word freq <4.0, subject 18, task 0-3, ses 0, tmin -0.1, tmax 0.3, decim 10, lowpass 1, high pass 8, test & train data balanced, no clip, no baseline correction, onset offset -0.03",
    "recall": 0.5364583333333334,
    "precision": 0.4975845410628019,
    "accuracy": 0.4973958333333333,
    "f1_score": 0.5162907268170426,
    "tp": 103,
    "fp": 104,
    "tn": 88,
    "fn": 89
}