{
    "description": "lda, word freq <4.0, subject 26, task 0-3, ses 0, tmin -0.1, tmax 0.3, decim 10, lowpass 1, high pass 8, test & train data balanced, no clip, no baseline correction, onset offset -0.03",
    "recall": 0.53125,
    "precision": 0.504950495049505,
    "accuracy": 0.5052083333333334,
    "f1_score": 0.5177664974619289,
    "tp": 102,
    "fp": 100,
    "tn": 92,
    "fn": 90
}