{
    "description": "lda, word onset, subject 18, task 0-3, ses 0, tmin -0.1, tmax 0.3, decim 5, lowpass 0.5, high pass 180, test & train data balanced, no clip, no baseline correction, onset offset -0.03",
    "recall": 0.49624060150375937,
    "precision": 0.4937655860349127,
    "accuracy": 0.49373433583959897,
    "f1_score": 0.495,
    "tp": 792,
    "fp": 812,
    "tn": 784,
    "fn": 804
}