{
    "description": "lda, word onset, subject 11, task 0-3, ses 0, tmin -0.1, tmax 0.3, decim 5, lowpass 0.5, high pass 180, test & train data balanced, no clip, no baseline correction, onset offset -0.03",
    "recall": 0.5388471177944862,
    "precision": 0.5308641975308642,
    "accuracy": 0.531328320802005,
    "f1_score": 0.5348258706467661,
    "tp": 860,
    "fp": 760,
    "tn": 836,
    "fn": 736
}