{
    "description": "lda, word onset, subject 1, task 0-3, ses 0, tmin -0.1, tmax 0.3, decim 5, lowpass 0.5, high pass 180, test & train data balanced, no clip, no baseline correction, onset offset -0.03",
    "recall": 0.5194235588972431,
    "precision": 0.5104679802955665,
    "accuracy": 0.5106516290726817,
    "f1_score": 0.5149068322981367,
    "tp": 829,
    "fp": 795,
    "tn": 801,
    "fn": 767
}