{
    "description": "lda, voiced_phoneme, subject 14, task 0,1,2, tmin -0.1, tmax 0.3, decim 10,lowpass 1, high pass 8, test data balanced, no clip, no baseline correction",
    "recall": 0.900064892926671,
    "precision": 0.5101140125045973,
    "accuracy": 0.517845554834523,
    "f1_score": 0.6511737089201879,
    "tp": 1387,
    "fp": 1332,
    "tn": 209,
    "fn": 154
}