{
    "description": "lda, voiced_phoneme, subject 24, task 0,1,2, tmin -0.1, tmax 0.3, decim 10, lowpass 0.5, high pass 180, test data balanced, no clip, no baseline correction",
    "recall": 0.7955872809863724,
    "precision": 0.514261744966443,
    "accuracy": 0.5220635950681376,
    "f1_score": 0.6247133757961784,
    "tp": 1226,
    "fp": 1158,
    "tn": 383,
    "fn": 315
}