{
    "description": "lda, voiced_phoneme, subject 8, task 0,1,2, tmin -0.1, tmax 0.3, decim 10, lowpass 0.5, high pass 180, train and test data balanced, no clip, no baseline correction",
    "recall": 0.5201535508637236,
    "precision": 0.5198209718670077,
    "accuracy": 0.5198336532309661,
    "f1_score": 0.5199872081867605,
    "tp": 813,
    "fp": 751,
    "tn": 812,
    "fn": 750
}