{
    "description": "lda, voiced_phoneme, subject 22, task 0,1,2, tmin -0.1, tmax 0.3, decim 10, lowpass 0.5, high pass 180, test data balanced, no clip, no baseline correction",
    "recall": 0.7728747566515249,
    "precision": 0.502956081081081,
    "accuracy": 0.5045425048669695,
    "f1_score": 0.6093630084420567,
    "tp": 1191,
    "fp": 1177,
    "tn": 364,
    "fn": 350
}