{
    "description": "lda, voiced_phoneme, subject 1, task 0,1,2, tmin -0.1, tmax 0.3, decim 10, lowpass 0.5, high pass 180, test data balanced no clip, no baseline correction",
    "recall": 0.47058823529411764,
    "precision": 0.49557522123893805,
    "accuracy": 0.4957983193277311,
    "f1_score": 0.4827586206896552,
    "tp": 56,
    "fp": 57,
    "tn": 62,
    "fn": 63
}