{
    "description": "lda, voiced_phoneme, subject 6, task 0,1,2, tmin -0.1, tmax 0.3, decim 10, lowpass 0.5, high pass 180, test data balanced, no clip, no baseline correction",
    "recall": 0.7806619078520441,
    "precision": 0.5025062656641605,
    "accuracy": 0.5038935756002596,
    "f1_score": 0.6114358322744601,
    "tp": 1203,
    "fp": 1191,
    "tn": 350,
    "fn": 338
}