{
    "description": "lda, voiced_phoneme, subject 11, task 0,1,2, tmin -0.1, tmax 0.3, decim 10,lowpass 1, high pass 8, test data balanced, no clip, no baseline correction",
    "recall": 0.8786502271252433,
    "precision": 0.5334909377462569,
    "accuracy": 0.5551589876703439,
    "f1_score": 0.6638882078940918,
    "tp": 1354,
    "fp": 1184,
    "tn": 357,
    "fn": 187
}