{
    "description": "lda,voiced phoneme, subject 1, ses 0, task 0, tmin -0.1, tmax 0.3, decim 10, lowpass 1, high pass 8, time offset -0.05s, no clip, no baseline correction",
    "recall": 0.6086956521739131,
    "precision": 0.5303030303030303,
    "accuracy": 0.5347826086956522,
    "f1_score": 0.5668016194331984,
    "tp": 70,
    "fp": 62,
    "tn": 53,
    "fn": 45
}