{
    "description": "lda, voiced_phoneme, subject 5, task 0,1,2, tmin -0.1, tmax 0.3, decim 10, lowpass 0.5, high pass 180, test data balanced, no clip, no baseline correction",
    "recall": 0.7839065541855937,
    "precision": 0.5122985581000848,
    "accuracy": 0.5188189487345879,
    "f1_score": 0.6196460630931008,
    "tp": 1208,
    "fp": 1150,
    "tn": 391,
    "fn": 333
}