{
    "description": "lda, voiced_phoneme, subject 10, task 0,1,2, tmin -0.1, tmax 0.3, decim 10, lowpass 0.5, high pass 180, test data balanced, no clip, no baseline correction",
    "recall": 0.7819597663854639,
    "precision": 0.5082243778996204,
    "accuracy": 0.5126541207008436,
    "f1_score": 0.6160531697341514,
    "tp": 1205,
    "fp": 1166,
    "tn": 375,
    "fn": 336
}