{
    "description": "lda, voiced_phoneme, subject 27, task 0,1,2, tmin -0.1, tmax 0.3, decim 10, lowpass 0.5, high pass 180, test data balanced, no clip, no baseline correction",
    "recall": 0.790395846852693,
    "precision": 0.5081351689612015,
    "accuracy": 0.5126541207008436,
    "f1_score": 0.6185881157948198,
    "tp": 1218,
    "fp": 1179,
    "tn": 362,
    "fn": 323
}