{
    "description": "lda, voiced_phoneme, subject 27, task 0,1, tmin -0.1, tmax 0.3, decim 10, lowpass 0.5, high pass 180",
    "recall": 0.6432269197584124,
    "precision": 0.7568527918781726,
    "accuracy": 0.568976897689769,
    "f1_score": 0.6954291044776119,
    "tp": 1491,
    "fp": 479,
    "tn": 233,
    "fn": 827
}