{
    "description": "lda, voiced_phoneme, subject 11, task 0,1,2, tmin -0.1, tmax 0.3, decim 10, lowpass 0.5, high pass 180, train and test data balanced, no clip, no baseline correction",
    "recall": 0.5457453614843251,
    "precision": 0.5378310214375788,
    "accuracy": 0.5383877159309021,
    "f1_score": 0.5417592886630677,
    "tp": 853,
    "fp": 733,
    "tn": 830,
    "fn": 710
}