{
    "description": "lda, voiced_phoneme, subject 14, task 0,1,2, tmin -0.1, tmax 0.3, decim 10, lowpass 0.5, high pass 180, test data balanced, no clip, no baseline correction",
    "recall": 0.8007787151200519,
    "precision": 0.5113966017405719,
    "accuracy": 0.517845554834523,
    "f1_score": 0.6241780475467881,
    "tp": 1234,
    "fp": 1179,
    "tn": 362,
    "fn": 307
}