{
    "description": "lda,word freq, subject 1, ses 0, task 0, tmin -0.1, tmax 0.3, decim 10, lowpass 1, high pass 8, no clip, no baseline correction",
    "recall": 0.865546218487395,
    "precision": 0.8956521739130435,
    "accuracy": 0.7910447761194029,
    "f1_score": 0.8803418803418803,
    "tp": 103,
    "fp": 12,
    "tn": 3,
    "fn": 16
}