{
    "description": "lda, voiced_phoneme, subject 25, task 0,1,2, tmin -0.1, tmax 0.3, decim 10, lowpass 0.5, high pass 180, train and test data balanced, no clip, no baseline correction",
    "recall": 0.5060780550223928,
    "precision": 0.5280373831775701,
    "accuracy": 0.5268714011516314,
    "f1_score": 0.5168245671349232,
    "tp": 791,
    "fp": 707,
    "tn": 856,
    "fn": 772
}