{
    "description": "lda, voiced_phoneme, subject 15, task 0,1,2, tmin -0.1, tmax 0.3, decim 10, lowpass 0.5, high pass 180, test data balanced, no clip, no baseline correction",
    "recall": 0.7696301103179753,
    "precision": 0.5064047822374039,
    "accuracy": 0.5097339390006489,
    "f1_score": 0.610867885655421,
    "tp": 1186,
    "fp": 1156,
    "tn": 385,
    "fn": 355
}