{
    "description": "lda, voiced_phoneme, subject 18, task 0,1, tmin -0.1, tmax 0.3, decim 10, lowpass 0.5, high pass 180",
    "recall": 0.6626402070750647,
    "precision": 0.7695390781563126,
    "accuracy": 0.5900990099009901,
    "f1_score": 0.7121001390820583,
    "tp": 1536,
    "fp": 460,
    "tn": 252,
    "fn": 782
}