{
    "description": "LDA sub 1 task 1 ses 1",
    "recall": 0.7207392197125256,
    "precision": 0.6789168278529981,
    "accuracy": 0.5817174515235457,
    "f1_score": 0.699203187250996,
    "tp": 351,
    "fp": 166,
    "tn": 69,
    "fn": 136
}