{
    "description": "LDA sub 1 task 1 ses 1",
    "recall": 0.6188251001335113,
    "precision": 0.699622641509434,
    "accuracy": 0.5518038852913969,
    "f1_score": 0.6567481402763019,
    "tp": 927,
    "fp": 398,
    "tn": 266,
    "fn": 571
}