{
    "description": "LDA sub 1 task 1 ses 1",
    "recall": 0.9957805907172996,
    "precision": 0.6610644257703081,
    "accuracy": 0.6601671309192201,
    "f1_score": 0.7946127946127945,
    "tp": 236,
    "fp": 121,
    "tn": 1,
    "fn": 1
}