{
    "description": "LDA sub 1 task 1 ses 1",
    "recall": 0.9324894514767933,
    "precision": 0.6577380952380952,
    "accuracy": 0.6350974930362117,
    "f1_score": 0.7713787085514835,
    "tp": 221,
    "fp": 115,
    "tn": 7,
    "fn": 16
}