{
    "description": "LDA sub 1 task 1 ses 1",
    "recall": 0.8565400843881856,
    "precision": 0.6655737704918033,
    "accuracy": 0.6211699164345403,
    "f1_score": 0.7490774907749077,
    "tp": 203,
    "fp": 102,
    "tn": 20,
    "fn": 34
}