{
    "description": "LDA sub 1 task 1 ses 1",
    "recall": 0.8677248677248677,
    "precision": 0.7681498829039812,
    "accuracy": 0.6977687626774848,
    "f1_score": 0.8149068322981367,
    "tp": 328,
    "fp": 99,
    "tn": 16,
    "fn": 50
}