{
    "description": "pca",
    "recall": 0.17142857142857143,
    "precision": 0.45161290322580644,
    "accuracy": 0.48268839103869654,
    "f1_score": 0.24852071005917162,
    "tp": 42,
    "fp": 51,
    "tn": 195,
    "fn": 203
}