{
    "description": "LDA sub 2 task 1 ses 1",
    "recall": 0.843915343915344,
    "precision": 0.7668269230769231,
    "accuracy": 0.6835699797160243,
    "f1_score": 0.8035264483627205,
    "tp": 319,
    "fp": 97,
    "tn": 18,
    "fn": 59
}