{
    "description": "epoch: 2\n\n                    tmin: -0.1\n\n                    tmax: 0.3\n\n                    preprocess_low_pass: 35,\n\n                    preprocess_high_pass: 180, \n\n                    data: sub 0, ses 0 , task 0\n\n                    cnn layer: 1--32 (K=1,5)--64(k=208,1)--128(linear)--1\n\n                    result: accuracy: 0.69\n                    ",
    "recall": 1.0,
    "precision": 0.6927374301675978,
    "accuracy": 0.6927374301675978,
    "f1_score": 0.8184818481848186,
    "tp": 124,
    "fp": 55,
    "tn": 0,
    "fn": 0
}