{
    "description": "Description of the training configuration",
    "recall": 1.0,
    "precision": 0.4795673076923077,
    "accuracy": 0.4795673076923077,
    "f1_score": 0.6482534524776604,
    "tp": 399,
    "fp": 433,
    "tn": 0,
    "fn": 0
}