{
    "description": "lda, word onset, subject 26, task 0-3, ses 0, tmin -0.1, tmax 0.3, decim 5, lowpass 0.5, high pass 180, test data balanced, no clip, no baseline correction, onset offset -0.03",
    "recall": 0.5196560196560197,
    "precision": 0.5183823529411765,
    "accuracy": 0.5184275184275184,
    "f1_score": 0.5190184049079756,
    "tp": 846,
    "fp": 786,
    "tn": 842,
    "fn": 782
}