{
    "description": "lda, word freq <4.0, subject 1, task 0-3, ses 0, tmin -0.1, tmax 0.3, decim 5, lowpass 0.5, high pass 180, test & train data balanced, no clip, no baseline correction, onset offset -0.03",
    "recall": 0.4947916666666667,
    "precision": 0.4846938775510204,
    "accuracy": 0.484375,
    "f1_score": 0.4896907216494846,
    "tp": 95,
    "fp": 101,
    "tn": 91,
    "fn": 97
}