{
    "description": "lda, word freq <4.0, subject 11, task 0-3, ses 0, tmin -0.1, tmax 0.3, decim 5, lowpass 0.5, high pass 180, test & train data balanced, no clip, no baseline correction, onset offset -0.03",
    "recall": 0.4739583333333333,
    "precision": 0.4789473684210526,
    "accuracy": 0.4791666666666667,
    "f1_score": 0.4764397905759162,
    "tp": 91,
    "fp": 99,
    "tn": 93,
    "fn": 101
}