{
    "description": "lda, word freq <4.0, subject 18, task 0-3, ses 0, tmin -0.1, tmax 0.3, decim 5, lowpass 0.5, high pass 180, test & train data balanced, no clip, no baseline correction, onset offset -0.03",
    "recall": 0.5260416666666666,
    "precision": 0.543010752688172,
    "accuracy": 0.5416666666666666,
    "f1_score": 0.5343915343915344,
    "tp": 101,
    "fp": 85,
    "tn": 107,
    "fn": 91
}