{
    "description": "lda, word freq <4.0, subject 26, task 0-3, ses 0, tmin -0.1, tmax 0.3, decim 5, lowpass 0.5, high pass 180, test & train data balanced, no clip, no baseline correction, onset offset -0.03",
    "recall": 0.5052083333333334,
    "precision": 0.5105263157894737,
    "accuracy": 0.5104166666666666,
    "f1_score": 0.5078534031413612,
    "tp": 97,
    "fp": 93,
    "tn": 99,
    "fn": 95
}