{
    "description": "lda, word onset, subject 18, task 0-3, ses 0, tmin -0.1, tmax 0.3, decim 10, lowpass 1, high pass 8, test & train data balanced, no clip, no baseline correction, onset offset -0.03",
    "recall": 0.5050125313283208,
    "precision": 0.522697795071336,
    "accuracy": 0.5219298245614035,
    "f1_score": 0.5137029955385596,
    "tp": 806,
    "fp": 736,
    "tn": 860,
    "fn": 790
}